,nframe,x0,y0,area,x,y,occlusion,sx,sy,method,px,py,x0i,y0i,sx11,sy11,speed,speeds,angle,delta_area,mse_area,state
0,7722,1566.5,322.5,,1566.5,322.5,0,1566.5,322.5,ML,1566.5,322.5,1566.5,322.5,1566.5,322.5,,,,,,Int_detection
1,7723,1552.0001220703125,321.5,226.47055728796659,1552.0001220703125,321.5,0,1559.2500610351562,322.0,Recorded: BS,1566.5,322.5,1552.0001220703125,321.5,1559.2500610351562,322.0,14.534320072705109,7.267160036352554,,,,0
2,7724,1552.2467041015625,321.657470703125,205.20549448141537,1552.2467041015625,321.657470703125,0,1556.9156087239583,321.8858235677083,Recorded: BS,1552.0001220703125,321.5,1552.2467041015625,321.657470703125,1556.9156087239583,321.8858235677083,0.29257429907300103,2.3372427881905007,-1.145154048424597,,,0
3,7725,1549.9361572265625,316.9966735839844,286.5507977769357,1549.9361572265625,316.9966735839844,0,1551.3943277994792,320.05138142903644,Recorded: BS,1554.5811564127603,321.77164713541663,1549.9361572265625,316.9966735839844,1555.1707458496094,320.66353607177734,5.202081953157006,2.1303833394462712,32.21142062542765,,,0
4,7726,1549.650146484375,316.9500732421875,241.39996158314898,1549.650146484375,316.9500732421875,0,1550.6110026041667,318.5347391764323,Recorded: BS,1545.8730468750002,318.21693929036456,1549.650146484375,316.9500732421875,1554.0666259765626,319.92084350585935,0.2897822225434648,1.330666352444029,-1.0845103232722202,,,0
5,7727,1547.7001953125,314.6000671386719,255.49992401673808,1547.7001953125,314.6000671386719,0,1549.0954996744792,316.18227132161456,Recorded: BS,1549.8276774088542,317.0180969238282,1547.7001953125,314.6000671386719,1553.0055541992188,319.03404744466144,3.053659813937593,1.3828523315349872,5.960384607347256,9.42532005592766,573.7515080411426,0
6,7728,1546.2930908203125,312.98272705078125,249.62071452705277,1546.2930908203125,312.98272705078125,0,1547.8811442057292,314.8442891438802,Recorded: BS,1547.5799967447917,313.8298034667968,1546.2930908203125,312.98272705078125,1552.046630859375,318.16957310267856,2.143765848182188,1.291065397121243,2.147462785389105,6.328092531646055,515.4316613454927,0
7,7729,1545.05419921875,310.5035400390625,304.7906067753065,1545.05419921875,310.5035400390625,0,1546.3491617838542,312.69544474283856,Recorded: BS,1546.6667887369792,313.5063069661458,1545.05419921875,310.5035400390625,1551.1725769042969,317.21131896972656,2.771501513529632,1.2970047415901331,5.59624290702113,10.454989814039173,555.340441397056,0
8,7730,1544.9095458984375,310.2466125488281,285.0135186106927,1544.9095458984375,310.2466125488281,0,1545.4189453125,311.2442932128906,Recorded: BS,1544.8171793619792,310.54660034179693,1544.9095458984375,310.2466125488281,1550.4766845703125,316.43746270073785,0.2948496537484241,1.0407303519890951,0.40538649911677715,9.655190516815221,492.63951483874337,0
9,7731,1544.4566650390625,307.5993957519531,262.7075804357755,1544.4566650390625,307.5993957519531,0,1544.8068033854167,309.44984944661456,Recorded: BS,1544.4887288411458,309.7931416829427,1544.4566650390625,307.5993957519531,1549.8746826171875,315.55365600585935,2.6856764217688944,1.069355238205864,7.702945228680826,7.151208931995222,535.4339386118248,0
10,7732,1543.1082763671875,302.50177001953125,405.5451420042864,1543.1082763671875,302.50177001953125,0,1544.1581624348958,306.7825927734375,Recorded: BS,1544.1946614583335,307.6554056803385,1543.1082763671875,302.50177001953125,1549.2595547762785,314.3671209161932,5.2729441603615035,1.336505809815479,6.8573113463922954,13.277528450805892,1307.589943374975,0
11,7733,1543.692138671875,301.5384521484375,369.2307601864213,1543.692138671875,301.5384521484375,0,1543.7523600260417,303.87987263997394,Recorded: BS,1543.5095214843748,304.11533610026044,1543.692138671875,301.5384521484375,1547.186112837358,312.46152565696025,1.1264441892981623,2.816106312994138,-20.01216976658027,15.511736795331867,1303.217366408226,0
12,7734,1544.0899658203125,303.4438171386719,245.2584425220375,1544.0899658203125,303.4438171386719,0,1543.630126953125,302.4946797688802,Recorded: BS,1543.3465576171877,300.9771525065104,1544.0899658203125,303.4438171386719,1546.4670077237215,310.82005448774856,1.946453746186832,1.7920769413759328,23.75792032401591,7.835721166231013,2274.4572061634876,0
13,7735,1541.4061279296875,299.7355041503906,327.18497250563814,1541.4061279296875,299.7355041503906,0,1543.062744140625,301.5725911458333,Recorded: BS,1543.5078938802083,301.10948689778644,1541.4061279296875,299.7355041503906,1545.4815007990057,308.8271484375,4.577616305699928,2.2232630127315245,-2.6551988693024953,9.565955294838567,2142.064115713688,0
14,7736,1541.1524658203125,299.9981994628906,236.09664933819658,1541.1524658203125,299.9981994628906,0,1542.2161865234375,301.0591735839844,Recorded: BS,1542.495361328125,300.65050252278644,1541.1524658203125,299.9981994628906,1544.6829833984375,307.2818326083097,0.3651757014671802,1.739434118027014,-1.014201927067038,2.8251442349853066,2890.1393495644566,0
15,7737,1544.25,304.7500305175781,142.99998751888597,1544.25,304.7500305175781,0,1542.26953125,301.4945780436198,Recorded: BS,1541.36962890625,300.54575602213544,1544.25,304.7500305175781,1544.192060990767,306.1727378151634,5.672267303876364,1.2128874929428768,3.4511594406101933,-7.989386492228018,4436.832415939416,0
16,7738,1543.77587890625,305.1895446777344,125.27588147021743,1543.77587890625,305.1895446777344,0,1543.0594482421875,303.3125915527344,Recorded: BS,1542.3228759765625,301.92998250325525,1543.77587890625,305.1895446777344,1543.8353049538352,305.31723577325994,0.6465009733299325,0.9269080933880117,1.2389787724569945,-18.79899834567681,4265.660046329625,0
17,7739,1540.72705078125,302.6072692871094,212.47003030490305,1540.72705078125,302.6072692871094,0,1542.9176432291667,304.1822814941406,Recorded: BS,1543.849365234375,305.13060506184894,1540.72705078125,302.6072692871094,1543.3293013139205,304.3740123401989,3.995434785954904,1.0703784976738264,-5.575069559253798,-19.667362803024783,4122.363821549492,0
18,7740,1537.574951171875,298.6229248046875,402.87541741796304,1537.574951171875,298.6229248046875,0,1540.692626953125,302.13991292317706,Recorded: BS,1542.775838216146,305.0519714355469,1537.574951171875,298.6229248046875,1542.6493696732955,303.2939564098011,5.080426448835537,1.2762554010504124,-3.9799264568301265,-10.349414126144913,8241.927167913662,0
19,7741,1541.9998779296875,306.4999084472656,176.46152684369736,1541.9998779296875,306.4999084472656,0,1540.1006266276042,302.5767008463542,Recorded: BS,1538.4676106770833,300.0975443522135,1541.9998779296875,306.4999084472656,1542.384854403409,302.95334694602275,9.034757778570956,0.43125762001211715,-5.640900255662342,-16.297005647489417,7780.828390479417,0
20,7742,1544.72119140625,307.9342956542969,150.426255636512,1544.72119140625,307.9342956542969,0,1541.4320068359375,304.3523763020833,Recorded: BS,1539.5086263020835,303.0134887695313,1544.72119140625,307.9342956542969,1542.4089022549715,302.9837923916903,3.076201179607015,0.0387972206049456,179.52865757884626,-13.09679205626962,7209.758815053618,0
21,7743,1542.6802978515625,307.260009765625,152.8800502014201,1542.6802978515625,307.260009765625,0,1543.1337890625,307.2314046223958,Recorded: BS,1542.7633870442708,306.12805175781244,1542.6802978515625,307.260009765625,1542.3699951171875,303.41635964133525,2.149397115757579,0.4343134707051181,43.44366412337556,-9.091343775212236,6513.10501085905,0
22,7744,1537.699951171875,302.10003662109375,348.8400727844273,1537.699951171875,302.10003662109375,0,1541.7004801432292,305.76478068033856,Recorded: BS,1544.8355712890625,310.1104329427083,1537.699951171875,302.10003662109375,1541.8252507990057,303.46741277521306,7.171413800789773,0.5471314235812567,79.50628814647337,-0.03955531894969311,8742.013847138096,0
23,7745,1536.9117431640625,301.2390441894531,369.679852061774,1536.9117431640625,301.2390441894531,0,1539.0973307291667,303.5330301920573,Recorded: BS,1540.2671712239585,304.2981567382813,1536.9117431640625,301.2390441894531,1541.172685102983,303.2669788707386,1.167295948301966,0.6826534535827978,22.428297181993756,14.355182123924608,8051.248257236135,0
24,7746,1538.3692626953125,302.0461730957031,306.95381077113416,1538.3692626953125,302.0461730957031,0,1537.6603190104167,301.7950846354167,Recorded: BS,1536.4941813151042,301.30127970377606,1538.3692626953125,302.0461730957031,1540.8966064453125,303.4770396839489,1.6660793064195776,0.3469077261573941,-54.340736436808015,18.740854805769306,7366.522004052774,0
25,7747,1535.368408203125,301.6145324707031,405.7439121736752,1535.368408203125,301.6145324707031,0,1536.8831380208333,301.6332499186198,Recorded: BS,1536.2233072916667,300.05713907877606,1535.368408203125,301.6145324707031,1540.3707830255682,303.62397904829544,3.031738991475402,0.5459683558102216,21.65370931197673,21.449759667884177,7642.708145371524,0
26,7748,1533.7764892578125,301.4059143066406,325.12946446331625,1533.7764892578125,301.4059143066406,0,1535.8380533854167,301.6888732910156,Recorded: BS,1536.1059570312498,301.47141520182294,1533.7764892578125,301.4059143066406,1539.4186456853693,303.31996848366475,1.6055302758969294,0.9994938409056214,33.320725940629686,15.395130922495033,7486.570988350252,0
27,7749,1536.4635009765625,305.5263366699219,229.83167117856283,1536.4635009765625,305.5263366699219,0,1535.2027994791667,302.8489278157552,Recorded: BS,1534.7929687500002,301.74449666341144,1536.4635009765625,305.5263366699219,1538.7538840553977,303.3505859375,4.919137366299916,0.6654663426212704,-20.34496006668855,7.532916308212349,8748.532557569715,0
28,7750,1536.2440185546875,306.30487060546875,173.7560964938384,1536.2440185546875,306.30487060546875,0,1535.4946695963542,304.41237386067706,Recorded: BS,1534.5675455729167,304.00898234049475,1536.2440185546875,306.30487060546875,1538.3463356711648,303.6867315118963,0.8088804746748565,0.5282892509574203,-36.87873080501507,9.095282326255807,7943.555466748678,0
29,7751,1533.75390625,305.5692138671875,157.5384394014991,1533.75390625,305.5692138671875,0,1535.4871419270833,305.8001403808594,Recorded: BS,1535.7865397135417,305.97581990559894,1533.75390625,305.5692138671875,1537.9989679509943,304.31821233575994,2.5965072937572695,0.7207165628205944,-21.669711438405887,-2.5440066150930076,8936.050657939717,0
30,7752,1531.94580078125,306.5592956542969,198.1442913841911,1531.94580078125,306.5592956542969,0,1533.9812418619792,306.1444600423177,Recorded: BS,1535.4796142578123,307.1879069010417,1531.94580078125,306.5592956542969,1537.0849609375,304.3236111727628,2.0614333196320835,0.9140229582224251,60.847066251670746,-13.474744893110975,6630.873176822926,0
31,7753,1530.5753173828125,306.26416015625,258.41504936326237,1530.5753173828125,306.26416015625,0,1532.0916748046875,306.1308898925781,Recorded: BS,1532.4753417968752,306.488779703776,1530.5753173828125,306.26416015625,1535.7989723899148,304.1717806729403,1.401902174761198,1.29492047832937,7.071896069860705,-21.53280141033942,2900.4361571642517,0
32,7754,1530.6844482421875,306.5287170410156,319.4753734692713,1530.6844482421875,306.5287170410156,0,1531.0685221354167,306.4507242838542,Recorded: BS,1530.2021077473958,306.11731974283856,1530.6844482421875,306.5287170410156,1534.7084406072443,304.1052995161577,0.2861815677936268,1.0925563203888604,-3.2449102300152632,-14.475505400031638,4654.998347808883,0
33,7755,1528.2799072265625,306.46002197265625,263.2200418262073,1528.2799072265625,306.46002197265625,0,1529.8465576171875,306.4176330566406,Recorded: BS,1530.045369466146,306.77055867513025,1528.2799072265625,306.46002197265625,1533.8520729758523,304.5016618208452,2.40552208641696,0.9436464362636772,-28.325204557614644,-8.741427657035704,4746.0612985576245,0
34,7756,1528.5172119140625,305.7069091796875,214.13791287178356,1528.5172119140625,305.7069091796875,0,1529.1605224609375,306.2318827311198,Recorded: BS,1528.6245930989583,306.38454182942706,1528.5172119140625,305.7069091796875,1533.0889337713068,304.90783136541194,0.7896153453692906,0.8644970471018939,-3.1868312704161625,-8.575871091710786,4744.359622610185,0
35,7757,1528.7784423828125,304.6236572265625,209.78350711913663,1528.7784423828125,304.6236572265625,0,1528.5251871744792,305.59686279296875,Recorded: BS,1528.4744873046875,306.046132405599,1528.7784423828125,304.6236572265625,1532.217041015625,305.14214810458094,1.1143052327582743,0.902829613861398,12.980950837843467,-0.9367796206111385,2873.8875890067425,0
36,7758,1528.658935546875,306.03533935546875,202.9176523000424,1528.658935546875,306.03533935546875,0,1528.6515299479167,305.45530192057294,Recorded: BS,1527.889851888021,304.9618428548177,1528.658935546875,306.03533935546875,1531.607088955966,305.5440396395597,1.416731561344306,0.730450765602883,-18.337973584017774,3.3287918015387006,1929.5600717723253,0
37,7759,1529.990234375,300.59906005859375,345.46536820758774,1529.990234375,300.59906005859375,0,1529.1425374348958,303.752685546875,Recorded: BS,1528.7778727213542,305.3137410481771,1529.990234375,300.59906005859375,1531.2628839666193,305.47068925337356,5.596917827107947,0.35193373501959063,45.410337990115416,10.49786226224711,2479.6120504095074,0
38,7760,1530.9599609375,301.27996826171875,349.9200368186848,1530.9599609375,301.27996826171875,0,1529.8697102864583,302.63812255859375,Recorded: BS,1529.6335449218748,302.05006917317706,1530.9599609375,301.27996826171875,1530.7625621448863,305.08465576171875,1.184907417101008,0.6319365331909772,25.622877853976664,12.769922431500122,2703.8900129835424,0
39,7761,1528.1761474609375,304.2305908203125,316.683858020906,1528.1761474609375,304.2305908203125,0,1529.7087809244792,302.0365397135417,Recorded: BS,1530.5968831380208,301.5235595703125,1528.1761474609375,304.2305908203125,1530.0291193181818,304.89608487215907,4.0565737951593235,0.7572960850510349,-23.2340430118445,10.012602492598981,2498.0998930876212,0
40,7762,1531.0,302.0,308.0,1531.0,302.0,0,1530.0453694661458,302.50351969401044,Recorded: BS,1529.5478515625002,301.4349568684896,1531.0,302.0,1529.7787642045455,304.57161088423294,3.598566182527719,0.40983051590201114,37.92854950653624,7.559638992380533,2409.079573853375,0
41,7763,1533.0001220703125,306.0,412.0975951734654,1533.0001220703125,306.0,0,1530.7254231770833,304.0768636067708,Recorded: BS,1530.3819580078123,302.9704996744792,1533.0001220703125,306.0,1529.8746115944602,304.52076582475144,4.47219054783572,0.10849858168265657,99.70775348772601,13.471192323067273,2882.428539508309,0
42,7764,1531.0,302.5,294.0,1531.0,302.5,0,1531.6667073567708,303.5,Recorded: BS,1531.4054768880208,305.6502075195312,1531.0,302.5,1529.9132191051137,304.1785694469105,4.031189439377807,0.34436739230989244,-55.61793063180197,15.148928180932801,2415.7657060167057,0
43,7765,1527.794189453125,301.8235168457031,319.2647063735967,1527.794189453125,301.8235168457031,0,1530.5981038411458,303.44117228190106,Recorded: BS,1532.6079915364583,302.9231363932292,1527.794189453125,301.8235168457031,1529.650468306108,303.7508239746094,3.2764082041928835,0.5020001707691644,-37.99816096622159,14.763175894720815,2475.287732070028,0
44,7766,1527.0675048828125,302.0639343261719,379.7335918914905,1527.0675048828125,302.0639343261719,0,1528.6205647786458,302.129150390625,Recorded: BS,1529.5295003255208,303.3823445638021,1527.0675048828125,302.0639343261719,1529.5402499112215,303.3511796431108,0.765422125134363,0.4145644536984423,16.142729458393756,13.724255257403401,2435.5889502929886,0
45,7767,1526.5103759765625,302.4628601074219,263.65578534469205,1526.5103759765625,302.4628601074219,0,1527.1240234375,302.1167704264323,Recorded: BS,1526.6430257161458,300.81712849934894,1526.5103759765625,302.4628601074219,1529.3578102805398,303.0562660910866,0.6852258001018673,0.3467826725931049,-16.323404638078273,4.056303830754366,2994.399959456984,0
46,7768,1526.40478515625,301.4561462402344,311.3292714455638,1526.40478515625,301.4561462402344,0,1526.660888671875,301.9943135579427,Recorded: BS,1525.6274820963542,302.1043904622396,1526.40478515625,301.4561462402344,1529.1420232599432,302.768310546875,1.0122362529181999,0.3598366764243636,-5.105221869268694,-4.121996593187377,1527.039999645674,0
47,7769,1526.407470703125,301.8385009765625,289.98456651922606,1526.407470703125,301.8385009765625,0,1526.4408772786458,301.91916910807294,Recorded: BS,1526.19775390625,301.87185668945307,1526.407470703125,301.8385009765625,1528.937344637784,302.38677978515625,0.38236416745632407,0.43296542645653907,8.634930017353215,-5.27545282103874,1543.204956370912,0
48,7770,1527.232177734375,304.5911560058594,186.43092748000345,1527.232177734375,304.5911560058594,0,1526.6814778645833,302.62860107421875,Recorded: BS,1526.2208658854165,301.8440246582032,1527.232177734375,304.5911560058594,1528.686612215909,302.74969759854406,2.8735433523276743,0.44110779482286666,-117.14812097606682,-11.107816886794406,2328.2123204430154,0
49,7771,1527.0,298.0,308.0,1527.0,298.0,0,1526.8798828125,301.47655232747394,Recorded: BS,1526.9220784505208,303.33803304036456,1527.0,298.0,1528.3266157670455,302.4515186656605,6.595244043544986,0.46744852038477713,94.9945804218609,-10.543199712660616,2420.974699500494,0
50,7772,1526.0,297.5,294.0,1526.0,297.5,0,1526.7440592447917,300.03038533528644,Recorded: BS,1527.0782877604167,300.32450358072913,1526.0,297.5,1528.1287841796875,301.8396467729048,1.118033988749895,0.6430587454509978,32.448469126044664,-11.215883885121668,2315.7585269505907,0
51,7773,1526.7799072265625,303.46002197265625,175.5600191497797,1526.7799072265625,303.46002197265625,0,1526.5933024088542,299.65334065755206,Recorded: BS,1526.6082356770835,298.58421834309894,1526.7799072265625,303.46002197265625,1527.7451393821023,301.9723760431463,6.010833319647926,0.4059561428197219,-91.1668857249029,-11.23939400148494,2320.5788286282946,0
52,7774,1527.8214111328125,298.9004821777344,301.6741546300909,1527.8214111328125,298.9004821777344,0,1526.8671061197917,299.95350138346356,Recorded: BS,1526.4425455729167,299.2762959798177,1527.8214111328125,298.9004821777344,1527.2743474786932,301.32696533203125,4.676979102819493,0.7988742093330632,72.97533137504885,-9.390002151411533,2658.7491412423956,0
53,7775,1524.423095703125,299.8846435546875,305.3076994157527,1524.423095703125,299.8846435546875,0,1526.3414713541667,300.7483825683594,Recorded: BS,1527.1409098307292,300.25366210937506,1524.423095703125,299.8846435546875,1526.6764470880682,301.0892056551847,3.5379544055200047,0.6434396172475788,-32.2056674697837,-5.751123247275448,3029.4971300739876,0
54,7776,1526.400146484375,303.7000427246094,167.99997507849366,1526.400146484375,303.7000427246094,0,1526.2148844401042,300.82838948567706,Recorded: BS,1525.8158365885417,301.5432637532552,1526.400146484375,303.7000427246094,1526.549715909091,301.25979891690343,4.297208468003591,0.2125155351234498,-75.0775175398934,-5.401321703277641,2939.4747243664274,0
55,7777,1524.300048828125,300.6000061035156,254.7999799304016,1524.300048828125,300.6000061035156,0,1525.0410970052083,301.3948974609375,Recorded: BS,1526.0882975260417,300.90839640299475,1524.300048828125,300.6000061035156,1526.2981289950285,301.12671453302556,3.744414135470207,0.2846180397649533,81.26982981732164,-5.489026793956282,2932.876381303906,0
56,7778,1524.0382080078125,299.8937683105469,286.17280290396593,1524.0382080078125,299.8937683105469,0,1524.9128011067708,301.39793904622394,Recorded: BS,1523.8673095703123,301.96140543619794,1524.0382080078125,299.8937683105469,1526.0733864524148,300.8931607333097,0.7532147339233971,0.32412434006444674,18.22350546325365,-0.5799114925122218,2974.9011955313304,0
57,7779,1524.7000732421875,300.9000244140625,284.19996957686817,1524.7000732421875,300.9000244140625,0,1524.3461100260417,300.464599609375,Recorded: BS,1524.7845052083333,301.4009806315104,1524.7000732421875,300.9000244140625,1525.9184126420455,300.8426042036577,1.204415598677102,0.1630117927967778,-28.033752358998314,3.103541281353669,2863.0548806500115,0
58,7780,1523.1639404296875,299.3032531738281,303.5015972653855,1523.1639404296875,299.3032531738281,0,1523.9674072265625,300.0323486328125,Recorded: BS,1523.7794189453127,299.53126017252606,1523.1639404296875,299.3032531738281,1525.6235462535512,300.6121271306818,2.2157126192895107,0.3742537484530669,19.944642508927675,1.0063505015827323,2529.0562813909196,0
59,7781,1524.811279296875,300.8396301269531,269.99995782916085,1524.811279296875,300.8396301269531,0,1524.22509765625,300.34763590494794,Recorded: BS,1523.5887044270833,299.60009765625,1524.811279296875,300.8396301269531,1525.4034645774148,300.2710793235085,2.2525939459743416,0.40589352168859477,19.153099066121847,3.7673639837704402,2247.2031509942867,0
60,7782,1526.418212890625,301.8260192871094,293.7999036240726,1526.418212890625,301.8260192871094,0,1524.7978108723958,300.6563008626302,Recorded: BS,1524.4827880859375,300.66292317708337,1526.418212890625,301.8260192871094,1525.3505748401988,300.6188992587003,1.8855235745002081,0.35181817977416985,-138.51922766390567,7.353829565933196,1916.9613793681049,0
61,7783,1524.758544921875,301.3966064453125,229.65518321783748,1524.758544921875,301.3966064453125,0,1525.329345703125,301.3540852864583,Recorded: BS,1525.3705240885415,300.96496582031244,1524.758544921875,301.3966064453125,1525.237715287642,300.9731362082741,1.714320027064614,0.37178097725229875,9.02562811052557,-0.45208109588393874,1664.69311348015,0
62,7784,1526.7501220703125,305.7499694824219,167.9999699730215,1526.7501220703125,305.7499694824219,0,1525.9756266276042,302.99086507161456,Recorded: BS,1525.8608805338542,302.05186971028644,1526.7501220703125,305.7499694824219,1525.2350075461648,301.1813132546165,4.787290389254511,0.2081946552814007,-16.92662967113775,-3.8690933156164613,2296.5421229160665,0
63,7785,1526.2001953125,301.3999938964844,268.79997650303994,1526.2001953125,301.3999938964844,0,1525.9029541015625,302.84885660807294,Recorded: BS,1526.6219075520835,304.6276448567708,1526.2001953125,301.3999938964844,1525.0876242897727,301.4085415926847,4.384598845642605,0.27084043620911097,32.22276725699723,0.07460610541818972,2182.438186853058,0
64,7786,1525.7000732421875,300.9000549316406,244.99996944937448,1525.7000732421875,300.9000549316406,0,1526.216796875,302.68333943684894,Recorded: BS,1525.8302815755208,302.7068481445313,1525.7000732421875,300.9000549316406,1525.2037131569602,301.5008517178622,0.7071499514125003,0.1483165004143628,-84.47737790312378,-5.991207112137531,1115.6924520382768,0
65,7787,1526.3143310546875,301.8692932128906,204.15597022503425,1526.3143310546875,301.8692932128906,0,1526.071533203125,301.38978068033856,Recorded: BS,1526.5306396484375,302.51782226562494,1526.3143310546875,301.8692932128906,1525.1959117542613,301.3344199440696,1.1474909612096034,0.16661451680994668,-131.174334134898,-9.43154110781347,965.4356693636149,0
66,7788,1527.1011962890625,300.907470703125,293.0057871263216,1527.1011962890625,300.907470703125,0,1526.3718668619792,301.22560628255206,Recorded: BS,1525.92626953125,300.0962219238282,1527.1011962890625,300.907470703125,1525.4505615234375,301.3623712713068,1.242682355777159,0.2561791982886836,98.94767225745369,-5.320133138449844,1512.1531721357885,0
67,7789,1529.083984375,300.7879638671875,307.2721215479032,1529.083984375,300.7879638671875,0,1527.4998372395833,301.18824259440106,Recorded: BS,1526.6722005208335,301.06143188476557,1529.083984375,300.7879638671875,1525.909268465909,301.44366177645594,1.9863862860912747,0.4658542747458263,3.7855025147512693,-0.644907746350168,1920.2098273942615,0
68,7790,1526.7982177734375,301.3885803222656,265.54373861090426,1526.7982177734375,301.3885803222656,0,1527.6611328125,301.0280049641927,Recorded: BS,1528.6278076171873,301.15087890625006,1526.7982177734375,301.3885803222656,1526.100008877841,301.488075949929,2.363359702400207,0.1958431095271867,3.058403545139568,2.7613367621048455,1647.4002774855685,0
69,7791,1526.7919921875,300.97418212890625,241.37341567877593,1526.7919921875,300.97418212890625,0,1527.5580647786458,301.0502421061198,Recorded: BS,1527.8224283854167,300.8677673339843,1526.7919921875,300.97418212890625,1526.4298317649148,301.6399785822088,0.41444495482485866,0.36312194443631035,11.620988193490739,3.0758526470527996,1617.3984162546137,0
70,7792,1526.9879150390625,303.10980224609375,208.46342345324229,1526.9879150390625,303.10980224609375,0,1526.859375,301.8241882324219,Recorded: BS,1527.4549967447915,301.07247924804693,1526.9879150390625,303.10980224609375,1526.6277077414773,301.84635786576706,2.1445883168338704,0.28591486631964275,21.476189204982628,3.5289294896673824,1528.9149351593373,0
71,7793,1527.3621826171875,304.1270446777344,286.0540637446429,1527.3621826171875,304.1270446777344,0,1527.04736328125,302.7370096842448,Recorded: BS,1526.1606852213542,302.59813435872394,1527.3621826171875,304.1270446777344,1526.7135231711648,302.0555419921875,1.0839088452290093,0.22610238105498243,21.489651838121063,4.972289959528523,1562.0012205957582,0
72,7794,1526.800048828125,301.1000061035156,220.3999758494956,1526.800048828125,301.1000061035156,0,1527.050048828125,302.77895100911456,Recorded: BS,1527.2353515625,303.64983113606775,1526.800048828125,301.1000061035156,1526.8991144353693,302.02857832475144,3.078791471765187,0.18753974701547593,-75.96105407996986,-1.9594519815370595,1134.9775219926428,0
73,7795,1525.23291015625,300.5431213378906,197.86213945206327,1525.23291015625,300.5431213378906,0,1526.4650472005208,301.9233907063802,Recorded: BS,1527.052734375,302.8208923339843,1525.23291015625,300.5431213378906,1526.7611860795455,301.5552284934304,1.6631428859455673,0.4930357939865226,-97.97908535026833,-4.035681604418638,1275.3048557550555,0
74,7796,1523.3231201171875,299.31536865234375,190.58458404478733,1523.3231201171875,299.31536865234375,0,1525.1186930338542,300.3194986979167,Recorded: BS,1525.8800455729165,301.0678304036458,1523.3231201171875,299.31536865234375,1526.4996337890625,301.36571710759944,2.270390858458056,0.3229925169666704,-37.82878678533991,-7.23568336156599,1265.0540499604801,0
75,7797,1525.650146484375,298.5500183105469,364.7998859244435,1525.650146484375,298.5500183105469,0,1524.7353922526042,299.46950276692706,Recorded: BS,1523.7723388671877,298.7156066894532,1525.650146484375,298.5500183105469,1526.4950949928977,301.15207741477275,2.4496556613684395,0.2136879009717378,52.85719268971356,-2.996385141390036,2746.591384501086,0
76,7798,1523.9808349609375,296.5350646972656,304.1529255526075,1523.9808349609375,296.5350646972656,0,1524.3180338541667,298.13348388671875,Recorded: BS,1524.3520914713542,298.61950683593744,1523.9808349609375,296.5350646972656,1526.282958984375,300.66714754971593,2.6166083057951934,0.5293001607178882,-22.410242857315847,1.9110192070817529,2880.79440364036,0
77,7799,1523.0,298.5,259.4230828563195,1523.0,298.5,0,1524.2103271484375,297.8616943359375,Recorded: BS,1523.9006754557292,296.79746500651044,1523.0,298.5,1525.9101229580965,300.44828657670456,2.196134778316007,0.4323272232911335,-35.95904022284736,5.194586085967068,2429.0670237877803,0
78,7800,1522.615234375,296.423095703125,267.9999800718051,1522.615234375,296.423095703125,0,1523.1986897786458,297.15272013346356,Recorded: BS,1524.1026204427083,297.58990478515625,1522.615234375,296.423095703125,1525.3220547762785,300.05148037997157,2.112244314599871,0.7094218380008136,3.5963443040548273,6.744079874037537,2282.730977620408,0
79,7801,1522.0,294.5,180.0,1522.0,294.5,0,1522.5384114583333,296.474365234375,Recorded: BS,1522.187052408854,296.4437459309896,1522.0,294.5,1524.8858531605113,299.4252458052202,2.019111294495546,0.7631786109502704,21.13099775463493,1.8524472631900775,3125.0088932136196,0
80,7802,1521.050048828125,294.8500061035156,197.3999701664925,1521.050048828125,294.8500061035156,0,1521.888427734375,295.25770060221356,Recorded: BS,1521.8781331380208,295.79601033528644,1521.050048828125,294.8500061035156,1524.363858309659,298.8685025301847,1.012379129301309,0.7631786806597262,-8.296007999724056,-3.540175357505166,3148.364024401249,0
81,7803,1520.0001220703125,294.50006103515625,197.19996211746093,1520.0001220703125,294.50006103515625,0,1521.0167236328125,294.61668904622394,Recorded: BS,1521.2384440104167,294.0410359700521,1520.0001220703125,294.50006103515625,1523.728604403409,298.0857987837358,1.106710326887626,1.0080539073437427,4.091726688707318,-3.636895691305742,3156.8172298726868,0
82,7804,1519.8087158203125,294.48529052734375,184.64704982756393,1519.8087158203125,294.48529052734375,0,1520.2862955729167,294.6117858886719,Recorded: BS,1520.14501953125,293.9756774902343,1519.8087158203125,294.48529052734375,1523.0419256036932,297.2092756791548,0.1919753120588729,1.1134722838236217,0.9877153417124502,-7.718240111174978,3015.2454221195667,0
83,7805,1519.1219482421875,295.09747314453125,188.8780710078172,1519.1219482421875,295.09747314453125,0,1519.6435953776042,294.69427490234375,Recorded: BS,1519.555867513021,294.6068827311198,1519.1219482421875,295.09747314453125,1522.343916459517,296.6635908647017,0.9200093820990171,0.8859958702377726,-13.90708007406575,-12.637955183805504,2261.963749351884,0
84,7806,1518.5,294.5,191.39998203511277,1518.5,294.5,0,1519.1435546875,294.6942545572917,Recorded: BS,1519.0008951822917,294.7767639160156,1518.5,294.5,1521.7318337180398,296.11421619762075,0.8624347942866064,0.8224705509892755,3.8922110618876196,-17.796384034289858,959.8282335858951,0
85,7807,1521.810791015625,292.3648986816406,257.4486520694445,1521.810791015625,292.3648986816406,0,1519.8109130859375,293.9874572753906,Recorded: BS,1518.6435139973958,294.6942342122396,1521.810791015625,292.3648986816406,1521.5943492542613,295.4823552911932,3.9395424593222956,0.6466453300317877,35.81498960716795,-7.74768830898905,1297.5554608995978,0
86,7808,1521.465576171875,295.4137878417969,271.18975134800894,1521.465576171875,295.4137878417969,0,1520.5921223958333,294.0928955078125,Recorded: BS,1520.478271484375,293.28065999348956,1521.465576171875,295.4137878417969,1521.2139337713068,295.19724343039775,3.068370642419788,0.47539952969870136,-40.873904052497394,0.30861830798982975,1353.8133756427837,0
87,7809,1520.5,294.0000305175781,161.49997415731013,1520.5,294.0000305175781,0,1521.2587890625,293.9262390136719,Recorded: BS,1521.373331705729,294.1983337402344,1520.5,294.0000305175781,1520.8974942294035,294.9667857776989,1.7120301152359847,0.3914648303071716,-0.7854100400758244,-0.20058971725104546,1436.5415342320161,0
88,7810,1522.834228515625,296.07000732421875,240.621694462061,1522.834228515625,296.07000732421875,0,1521.5999348958333,295.16127522786456,Recorded: BS,1521.9254557291667,293.75958251953125,1522.834228515625,296.07000732421875,1520.8824240944602,294.7458773526278,3.1198440254581654,0.22142186259397068,50.03216196281331,5.364672375757269,948.0347752749938,0
89,7811,1520.5,294.0,162.0,1520.5,294.0,0,1521.278076171875,294.6900126139323,Recorded: BS,1521.9410807291665,296.39631144205725,1520.5,294.0,1520.6901300603693,294.525595925071,3.1198642735664257,0.2924053742212256,-37.21662952606312,1.1066710764691232,1301.8260716925404,0
90,7812,1521.25,294.7500305175781,151.99996512588223,1521.25,294.7500305175781,0,1521.528076171875,294.9400126139323,Recorded: BS,1520.9562174479167,294.21875000000006,1521.25,294.7500305175781,1520.6219482421875,294.54832597212356,1.0606817511857691,0.07187082418883019,-67.31780762948186,-2.3186068412168503,1524.1661302901418,0
91,7813,1520.5,295.0,162.0,1520.5,295.0,0,1520.75,294.5833435058594,Recorded: BS,1521.778076171875,295.1900126139323,1520.5,295.0,1520.571943803267,294.5619617808949,0.7905597650666647,0.05183029222955812,3.1838112087205794,-4.661459089757783,1525.324421361513,0
92,7814,1521.0269775390625,293.8377990722656,157.40540648596107,1521.0269775390625,293.8377990722656,0,1520.9256591796875,294.52927652994794,Recorded: BS,1519.971923828125,294.22667439778644,1521.0269775390625,293.8377990722656,1520.6652943004262,294.5017561479048,1.2760941670202128,0.11108120256645808,162.4335767490641,-7.6651201418156445,1354.8799714456266,0
93,7815,1521.1732177734375,294.3653259277344,159.076919135372,1521.1732177734375,294.3653259277344,0,1520.9000651041667,294.4010416666667,Recorded: BS,1521.101318359375,294.4752095540365,1521.1732177734375,294.3653259277344,1520.7893399325285,294.49085027521306,0.5474219482180107,0.12452412177090809,27.79523447106061,-9.965337960475392,1133.4164288653424,0
94,7816,1520.5,293.5,171.0,1520.5,293.5,0,1520.9000651041667,293.9010416666667,Recorded: BS,1520.874471028646,294.27280680338544,1520.5,293.5,1520.9146173650568,294.34562544389206,1.0963626825469306,0.1917933438185156,-44.193051511902844,-11.085852428669718,976.5305645694592,0
95,7817,1520.3089599609375,291.9943542480469,186.96630594684393,1520.3089599609375,291.9943542480469,0,1520.6607259114583,293.28656005859375,Recorded: BS,1520.9000651041667,293.4010416666667,1520.3089599609375,291.9943542480469,1521.0790682705965,294.11783946644175,1.5177171761891255,0.2809458165836209,-4.954987296268982,-6.684960303109692,1109.9362771829858,0
96,7818,1520.5,293.0,162.0,1520.5,293.0,0,1520.4363199869792,292.8314514160156,Recorded: BS,1520.4213867187498,292.6720784505208,1520.5,293.0,1520.9599054509943,294.175575949929,1.0236306340406034,0.13241328898955723,-151.678541553611,-1.8754619303507791,583.1057189393059,0
97,7819,1519.0,293.0,144.0,1519.0,293.0,0,1519.9363199869792,292.66478474934894,Recorded: BS,1520.2119140625002,292.3763427734375,1519.0,293.0,1520.735762162642,293.9561406915838,1.5,0.3136750648655059,70.24290494995539,-4.036921414571683,540.0879086749376,0
98,7820,1518.8076171875,293.9615173339844,149.07688594835054,1518.8076171875,293.9615173339844,0,1519.4358723958333,293.3205057779948,Recorded: BS,1519.4363199869792,292.49811808268225,1518.8076171875,293.9615173339844,1520.5819091796875,293.9526394930753,0.9805746937882042,0.15389281580046182,-43.08825753616963,-0.4345575945378455,128.84482079387428,0
99,7821,1517.449951171875,293.3499450683594,148.39998194592772,1517.449951171875,293.3499450683594,0,1518.419189453125,293.43715413411456,Recorded: BS,1518.9354248046873,293.9762268066407,1517.449951171875,293.3499450683594,1520.0924294211648,293.705361106179,1.4890526001672197,0.548394962257614,25.498630138289315,-1.000928065880085,134.8468033492369,0
100,7822,1518.1724853515625,293.9310607910156,148.2758655489597,1518.1724853515625,293.9310607910156,0,1518.1433512369792,293.7475077311198,Recorded: BS,1517.4025065104167,293.5538024902343,1518.1724853515625,293.9310607910156,1519.8808371803977,293.6990939053622,0.9272276548588185,0.21168503527382382,-25.105711305401158,-2.075888810433618,114.1656605365464,0
101,7823,1523.8001708984375,294.10003662109375,301.4999420207914,1523.8001708984375,294.10003662109375,0,1519.8075358072917,293.79368082682294,Recorded: BS,1517.8675130208335,294.05786132812506,1523.8001708984375,294.10003662109375,1520.1126708984375,293.6400035511364,5.630221793646886,0.23924577902790195,164.00420905776974,5.918636936016642,1700.8570316003309,0
102,7824,1522.57763671875,293.8189392089844,266.275931604634,1522.57763671875,293.8189392089844,0,1521.5167643229167,293.95001220703125,Recorded: BS,1521.4717203776042,293.83985392252606,1522.57763671875,293.8189392089844,1520.3015469637785,293.53263438831675,1.254434364803028,0.21726091499227673,-15.317423227896576,9.994638401003696,1897.939222310298,0
103,7825,1518.3018798828125,292.12933349609375,152.55175867178514,1518.3018798828125,292.12933349609375,0,1521.5598958333333,293.3494364420573,Recorded: BS,1523.2259928385417,294.10634358723956,1518.3018798828125,292.12933349609375,1520.0538108132102,293.3773193359375,4.597484527989072,0.29239693191608745,-118.29821064709111,6.65929460847885,2392.1086351940894,0
104,7826,1518.5,292.0,144.0,1518.5,292.0,0,1519.7931722005208,292.64942423502606,Recorded: BS,1521.6030273437498,292.74886067708337,1518.5,292.0,1519.810791015625,293.16228970614344,0.23659825452910843,0.32449401182108945,9.418020843143852,3.731456163784402,2773.5289644424624,0
105,7827,1518.1380615234375,292.1551818847656,131.655171577514,1518.1380615234375,292.1551818847656,0,1518.3133138020833,292.09483846028644,Recorded: BS,1518.0264485677083,291.9494120279948,1518.1380615234375,292.1551818847656,1519.5960693359375,293.04003351384944,0.3938030956909748,0.24708698120712394,-11.847247019597821,1.5219565652287863,3070.936507452564,0
106,7828,1520.75,292.7500305175781,208.99996806388845,1520.75,292.7500305175781,0,1519.1293538411458,292.30173746744794,Recorded: BS,1516.8334554036458,291.5402526855468,1520.75,292.7500305175781,1519.6361638849432,293.10873135653407,2.6788183031528163,0.07954223060422622,-149.92529376527816,2.5372816436473986,3115.672981371631,0
107,7829,1520.7501220703125,293.2499694824219,209.9999837082869,1520.7501220703125,293.2499694824219,0,1519.87939453125,292.71839396158856,Recorded: BS,1519.9453938802083,292.50863647460943,1520.7501220703125,293.2499694824219,1519.6589022549715,293.13145585493606,0.4999389797467302,0.03214710405564903,-14.748098605817892,1.8374564473496955,3064.7198398391274,0
108,7830,1521.231201171875,294.6839904785156,216.8301628606896,1521.231201171875,294.6839904785156,0,1520.9104410807292,293.5613301595052,Recorded: BS,1520.6294352213542,293.1350504557292,1521.231201171875,294.6839904785156,1519.861738725142,293.2845458984375,1.5125651454393272,0.2541243692574524,-7.938978653205632,1.0486457382453747,2995.318251240702,0
109,7831,1521.5517578125,294.6968688964844,219.94293488174299,1521.5517578125,294.6968688964844,0,1521.1776936848958,294.2102762858073,Recorded: BS,1521.9414876302085,294.4042663574218,1521.5517578125,294.6968688964844,1520.1112060546875,293.35139604048294,0.32081523264671086,0.25826902640861993,-22.042345142846017,-0.436756180930761,2827.471126772724,0
110,7832,1520.7501220703125,293.2499694824219,230.99997641457958,1520.7501220703125,293.2499694824219,0,1521.1776936848958,294.2102762858073,Recorded: BS,1521.4449462890623,294.85922241210943,1520.7501220703125,293.2499694824219,1520.411221590909,293.34230735085225,1.654127497373437,0.300153171320048,-16.736385407402523,-2.194508478547785,2549.3899385859095,0
111,7833,1518.300048828125,293.6000061035156,143.01536484150984,1518.300048828125,293.6000061035156,0,1520.2006429036458,293.8489481608073,Recorded: BS,1521.1776936848958,294.2102762858073,1518.300048828125,293.6000061035156,1520.4228182705965,293.31221147017044,2.4749514193595594,0.032252829547008754,-67.19191332794276,0.46080052869142396,1893.0069471182462,0
112,7834,1518.199951171875,293.8999938964844,117.49997751723367,1518.199951171875,293.8999938964844,0,1519.0833740234375,293.5833231608073,Recorded: BS,1519.2235921223958,293.4876200358073,1518.199951171875,293.8999938964844,1519.9137073863637,293.29402576793325,0.3162470817525512,0.509435582002407,-109.02713052334808,1.2971189532781837,1675.5782403526628,0
113,7835,1518.9039306640625,293.48077392578125,130.30768557711963,1518.9039306640625,293.48077392578125,0,1518.4679768880208,293.66025797526044,Recorded: BS,1517.9661051432292,293.3176981608073,1518.9039306640625,293.48077392578125,1519.5797341086648,293.26328346946025,0.8193488324620347,0.3353852100680771,3.213500721740647,-2.9462269951505946,1773.5892597272818,0
114,7836,1519.2000732421875,293.60003662109375,140.799992363216,1519.2000732421875,293.60003662109375,0,1518.7679850260417,293.66026814778644,Recorded: BS,1517.852579752604,293.73719278971356,1519.2000732421875,293.60003662109375,1519.6613880504262,293.3969837535511,0.319255410403213,0.15666247850449044,-126.67266997365422,-6.91775741706687,1471.3642984599942,0
115,7837,1520.9000244140625,295.1999816894531,198.39997435048645,1520.9000244140625,295.1999816894531,0,1519.6680094401042,294.0935974121094,Recorded: BS,1519.0679931640627,293.66027832031244,1520.9000244140625,295.1999816894531,1519.8795720880682,293.68789117986506,2.3344503011472897,0.3636363636469344,-5.45693038881329,-8.531671229821587,1087.9198239917757,0
116,7838,1518.4500732421875,293.1499938964844,139.1999637487288,1518.4500732421875,293.1499938964844,0,1519.5167236328125,293.98333740234375,Recorded: BS,1520.5680338541667,294.5269266764323,1518.4500732421875,293.1499938964844,1519.9079367897727,293.7783286354759,3.1944812874538133,0.09478127283457899,19.456882179492506,-9.027384676586284,1073.200999151432,0
117,7839,1517.5689697265625,292.32757568359375,134.51723061919984,1517.5689697265625,292.32757568359375,0,1518.9730224609375,293.55918375651044,Recorded: BS,1519.3654378255208,293.8730773925781,1517.5689697265625,292.32757568359375,1519.6187522194602,293.7399236505682,1.2052863237177065,0.2917235996154319,114.97831791830201,-8.865791562424052,1076.9293015584462,0
118,7840,1517.5,293.5,121.79999756299003,1517.5,293.5,0,1517.8396809895833,292.9925231933594,Recorded: BS,1518.4293212890625,293.1350301106771,1517.5,293.5,1519.3232865767045,293.76265369762075,1.1744511913582312,0.2963386594558269,-11.963940937362917,-8.02757796736051,1062.3196793958507,0
119,7841,1516.4615478515625,293.3077087402344,116.30770045670215,1516.4615478515625,293.3077087402344,0,1517.1768391927083,293.0450948079427,Recorded: BS,1516.706339518229,292.4258626302083,1516.4615478515625,293.3077087402344,1518.8896817294035,293.6375371759588,1.0561054839251194,0.4512951446622445,20.494551824428836,-6.129545288233976,959.4427589749099,0
120,7842,1516.9775390625,292.7359619140625,154.65169679977407,1516.9775390625,292.7359619140625,0,1516.9796956380208,293.1812235514323,Recorded: BS,1516.5139973958333,293.097666422526,1516.9775390625,292.7359619140625,1518.4738436612215,293.45927290482956,0.7701567132748762,0.45243723245392514,7.1086963480735195,-0.14670113759876513,515.5418778905773,0
121,7843,1517.4998779296875,292.4999694824219,176.5384858100697,1517.4998779296875,292.4999694824219,0,1516.9796549479167,292.84788004557294,Recorded: BS,1516.7825520833333,293.31735229492193,1517.4998779296875,292.4999694824219,1518.1783669211648,293.39109108664775,0.5731756449522047,0.3032412640871055,-10.210498722385381,2.0897607889061662,603.3966048204682,0
122,7844,1519.5321044921875,293.32403564453125,232.23205890135978,1519.5321044921875,293.32403564453125,0,1518.003173828125,292.8533223470052,Recorded: BS,1516.9796142578127,292.51453653971356,1519.5321044921875,293.32403564453125,1518.290371981534,293.3660028631037,2.1929500315475137,0.11478045351416521,154.3809325447263,5.2566872930926385,1010.9792149309276,0
123,7845,1519.147216796875,293.91180419921875,236.17642559309388,1519.147216796875,293.91180419921875,0,1518.7263997395833,293.2452697753906,Recorded: BS,1519.0266927083333,292.85876464843744,1519.147216796875,293.91180419921875,1518.3764870383523,293.3670765269886,0.702574132659608,0.0861217496625979,13.339707986579977,8.101916379800931,1194.4251916454493,0
124,7846,1517.148193359375,291.47930908203125,206.54485528310033,1517.148193359375,291.47930908203125,0,1518.6091715494792,292.90504964192706,Recorded: BS,1519.4496256510415,293.63721720377606,1517.148193359375,291.47930908203125,1518.216874556108,293.1851251775568,3.148511902282624,0.2420380921430152,-131.9724001115922,8.747107659389044,1174.7304539487704,0
125,7847,1517.25,291.7499084472656,229.99997830326902,1517.25,291.7499084472656,0,1517.8484700520833,292.3803405761719,Recorded: BS,1518.4919433593752,292.5648295084635,1517.25,291.7499084472656,1518.0395951704545,293.0169317072088,0.2891169461318284,0.2443706693639467,-5.248442518124925,13.714760655351231,513.1860822715463,0
126,7848,1517.94970703125,291.7852478027344,214.8456561400999,1517.94970703125,291.7852478027344,0,1517.4493001302083,291.67148844401044,Recorded: BS,1517.0877685546873,291.8556315104167,1517.94970703125,291.7852478027344,1517.7713844992898,292.70650135387075,0.7005988864005103,0.4102486665429169,5.679634708894871,13.526116536201783,532.0357505892582,0
127,7849,1518.14794921875,292.1780700683594,225.12877224922704,1518.14794921875,292.1780700683594,0,1517.7825520833333,291.90440877278644,Recorded: BS,1517.0501302083333,290.962636311849,1518.14794921875,292.1780700683594,1517.7439186789773,292.618144642223,0.44001056495900553,0.09252718399822733,23.558955798411816,12.669269967201314,589.1042126242573,0
128,7850,1516.6002197265625,293.300048828125,134.39998526604722,1516.6002197265625,293.300048828125,0,1517.5659586588542,292.42112223307294,Recorded: BS,1518.1158040364583,292.13732910156244,1516.6002197265625,293.300048828125,1517.655850497159,292.7065512917259,1.911623110958901,0.12478677944836503,-117.84195182692699,4.917443218037337,1552.6594098118246,0
129,7851,1516.60009765625,292.8000793457031,144.00000252249083,1516.60009765625,292.8000793457031,0,1517.1160888671875,292.7593994140625,Recorded: BS,1517.3493652343752,292.93783569335943,1516.60009765625,292.8000793457031,1517.5740411931818,292.64292214133525,0.4999694973239455,0.10364087512499691,82.98473871950365,-2.829626490322329,1332.1172981606785,0
130,7852,1516.7000732421875,293.10003662109375,140.59999828563923,1516.7000732421875,293.10003662109375,0,1516.6334635416667,293.0667215983073,Recorded: BS,1516.6662190755208,293.09767659505206,1516.7000732421875,293.10003662109375,1517.5957253196023,292.624042857777,0.3161795136363419,0.028751151042920312,101.08069262071095,-8.541548819830178,928.7019666266676,0
131,7853,1514.5,293.5,135.0,1514.5,293.5,0,1515.9333902994792,293.1333719889323,Recorded: BS,1516.150838216146,293.3740437825521,1514.5,293.5,1517.3704944957387,292.6935008655895,2.2361334878435866,0.2356975580431792,-156.09456600585975,-12.9294827155758,452.183277732835,0
132,7854,1515.5,293.5,135.0,1515.5,293.5,0,1515.5666910807292,293.36667887369794,Recorded: BS,1515.2333170572917,293.2000223795573,1515.5,293.5,1517.1886874112215,292.7844127308239,1.0,0.20327022217001908,-9.428125249744735,-13.101014940870927,442.8658687923703,0
133,7855,1517.0499267578125,293.8499755859375,132.5999757121008,1517.0499267578125,293.8499755859375,0,1515.6833089192708,293.6166585286458,Recorded: BS,1515.1999918619792,293.59998575846356,1517.0499267578125,293.8499755859375,1516.9630348899148,292.8322254527699,1.5889480373301905,0.23066234359336107,14.603886884358117,-11.961929391495136,483.72275836139625,0
134,7856,1516.6500244140625,293.54998779296875,119.99997848260273,1516.6500244140625,293.54998779296875,0,1516.3999837239583,293.63332112630206,Recorded: BS,1515.7999267578123,293.8666381835937,1516.6500244140625,293.54998779296875,1516.7360174005682,292.7993330522017,0.4999145531658433,0.22938799115108455,20.207436587983096,-12.23008231917041,468.4956809846245,0
135,7857,1516.1983642578125,293.37066650390625,123.82761754031162,1516.1983642578125,293.37066650390625,0,1516.6327718098958,293.5902099609375,Recorded: BS,1517.1166585286458,293.6499837239583,1516.1983642578125,293.37066650390625,1516.6496693004262,292.9712746360085,0.4859557813781117,0.19240556811103174,-71.57862732097264,-9.676751256892771,482.65896177255155,0
136,7858,1514.8118896484375,292.8812255859375,106.9703023534039,1514.8118896484375,292.8812255859375,0,1515.8867594401042,293.2672932942708,Recorded: BS,1516.8655598958333,293.54709879557294,1514.8118896484375,292.8812255859375,1516.4280229048295,293.07412164861506,1.470327941183072,0.24434531442840993,38.44249701926666,-7.766260551894621,417.53131500942226,0
137,7859,1516.2000732421875,293.1000671386719,121.59998471958443,1516.2000732421875,293.1000671386719,0,1515.7367757161458,293.11731974283856,Recorded: BS,1515.1407470703127,292.94437662760413,1516.2000732421875,293.1000671386719,1516.268965287642,293.1936506791548,1.4053274761278445,0.19896360151328754,-12.03226826974456,-3.0646660525363796,34.50484715869051,0
138,7860,1516.3145751953125,293.41754150390625,123.68042026184139,1516.3145751953125,293.41754150390625,0,1515.7755126953125,293.13294474283856,Recorded: BS,1515.5867919921873,292.9673461914063,1516.3145751953125,293.41754150390625,1516.102294921875,293.3063299005682,0.33749173301046803,0.20118553070047274,2.863159058824056,-3.0432846554531663,35.20408963891284,0
139,7861,1519.03271484375,293.78466796875,197.992688997786,1519.03271484375,293.78466796875,0,1517.1824544270833,293.43409220377606,Recorded: BS,1515.8142496744792,293.14856974283856,1519.03271484375,293.78466796875,1516.3234308416193,293.35038618607956,2.7428206265807114,0.2254818203186186,-134.67158462287435,1.8014284898287967,516.4451725439665,0
140,7862,1518.0172119140625,293.2068786621094,171.37930826435058,1518.0172119140625,293.2068786621094,0,1517.7881673177083,293.4696960449219,Recorded: BS,1518.589396158854,293.73523966471356,1518.0172119140625,293.2068786621094,1516.4522594105113,293.3873679421165,1.1683692408961088,0.13403152779229735,4.749398587576633,4.313378931129685,517.2959707662422,0
141,7863,1516.52294921875,291.1846008300781,165.16920614769697,1516.52294921875,291.1846008300781,0,1517.8576253255208,292.7253824869792,Recorded: BS,1518.3938802083333,293.5052998860677,1516.52294921875,291.1846008300781,1516.4361572265625,293.2132374156605,2.5144440006744215,0.17487344158494267,-111.2999742423274,5.740180765464899,469.9794018872225,0
142,7864,1517.3558349609375,292.3247375488281,183.37113082588257,1517.3558349609375,292.3247375488281,0,1517.2986653645833,292.2387390136719,Recorded: BS,1517.9270833333333,291.9810689290365,1517.3558349609375,292.3247375488281,1516.6957785866477,293.1063953746449,1.411952689356566,0.2807462775192192,72.91457802781154,7.794127507729054,404.5700765544871,0
143,7865,1516.541015625,290.95074462890625,161.3114944047702,1516.541015625,290.95074462890625,0,1516.8065999348958,291.4866943359375,Recorded: BS,1516.7397054036458,291.75209554036456,1516.541015625,290.95074462890625,1516.7904163707387,292.8746448863636,1.597431405166766,0.2503289815348015,-45.418179215553344,7.898502997819473,396.0018721333349,0
144,7866,1516.4161376953125,291.1912841796875,156.8322193430795,1516.4161376953125,291.1912841796875,0,1516.77099609375,291.4889221191406,Recorded: BS,1516.3145345052083,290.7346496582031,1516.4161376953125,291.1912841796875,1516.7327991832387,292.6329456676136,0.27102356505123637,0.24847183470117998,-35.62131820602287,6.570536169939982,473.81591531579414,0
145,7867,1516.311767578125,291.552978515625,148.6823823575378,1516.311767578125,291.552978515625,0,1516.4229736328125,291.23166910807294,Recorded: BS,1516.7353922526042,291.49114990234375,1516.311767578125,291.552978515625,1516.7020485617898,292.4513993696733,0.37645174194178144,0.18413217810945642,3.7945340682211905,4.606757312023935,574.365927751975,0
146,7868,1515.60009765625,292.3000183105469,113.99998415521804,1515.60009765625,292.3000183105469,0,1516.1093343098958,291.6814270019531,Recorded: BS,1516.074951171875,290.97441609700525,1515.60009765625,292.3000183105469,1516.6476606889205,292.35406771573156,1.031766704685941,0.11149659893592787,-19.582374147944506,-0.6738796095970301,684.452770686786,0
147,7869,1516.5001220703125,292.5000305175781,133.39998928839577,1516.5001220703125,292.5000305175781,0,1516.1373291015625,292.11767578125,Recorded: BS,1515.795694986979,292.1311848958333,1516.5001220703125,292.5000305175781,1516.8011363636363,292.31941361860794,0.9219809265218333,0.15733940757773457,106.47223360464845,-4.006230539563729,490.906775344083,0
148,7870,1515.0,292.5,104.0,1515.0,292.5,0,1515.7000732421875,292.433349609375,Recorded: BS,1516.1653238932292,292.5539245605469,1515.0,292.5,1516.6920387961648,292.2648620605469,1.5001220706229157,0.12197602926431869,-140.71003153272622,-8.94655190449016,123.40732677335886,0
149,7871,1516.2000732421875,292.10003662109375,121.59998471958443,1516.2000732421875,292.10003662109375,0,1515.9000651041667,292.36668904622394,Recorded: BS,1515.2628173828125,292.7490234375,1516.2000732421875,292.10003662109375,1516.6816295276988,292.1450888893821,1.2649689684259147,0.12022464556345377,58.466791425047795,-7.734172305202453,137.432149339898,0
150,7872,1516.2501220703125,292.2499694824219,149.9999999233405,1516.2501220703125,292.2499694824219,0,1515.8167317708333,292.28333536783856,Recorded: BS,1516.100056966146,292.3000284830729,1516.2501220703125,292.2499694824219,1516.4286665482955,292.00557084517044,0.15806564491604289,0.28888674876018416,-56.15471634417463,-5.820954176687979,283.89652504178895,0
151,7873,1516.0501708984375,292.8500061035156,116.99997026722849,1516.0501708984375,292.8500061035156,0,1516.1667887369792,292.40000406901044,Recorded: BS,1515.7333984374998,292.1999816894532,1516.0501708984375,292.8500061035156,1516.249844637784,291.9731278852983,0.632474835695295,0.18174108320421942,-18.5951932604112,-5.862601342150326,283.1922675661652,0
152,7874,1515.0,292.5000305175781,123.49997646951942,1515.0,292.5000305175781,0,1515.7667643229167,292.53333536783856,Recorded: BS,1516.5168457031252,292.5166727701823,1515.0,292.5000305175781,1516.1113947088068,292.09271240234375,1.106951591840096,0.1829449085129101,-51.10153019679792,-3.7523715437242258,242.1190114167307,0
153,7875,1515.449951171875,292.6499938964844,116.99997026722849,1515.449951171875,292.6499938964844,0,1515.5000406901042,292.6666768391927,Recorded: BS,1515.3667399088542,292.6666666666667,1515.449951171875,292.6499938964844,1515.9381325461648,292.12228116122157,0.47428374638465665,0.1757671428480268,31.13368923242464,-2.741619004329185,222.37032912236273,0
154,7876,1515.29248046875,292.7264404296875,108.62261990077968,1515.29248046875,292.7264404296875,0,1515.2474772135417,292.62548828125,Recorded: BS,1515.2333170572917,292.8000183105468,1515.29248046875,292.7264404296875,1515.824629350142,292.2837080522017,0.17504597904967248,0.19733630339825253,-45.20326704305279,-1.9493218025193295,190.00849242357862,0
155,7877,1514.0,293.0000305175781,107.99998214197694,1514.0,293.0000305175781,0,1514.9141438802083,292.7921549479167,Recorded: BS,1514.9949137369792,292.5842997233073,1514.0,293.0000305175781,1515.60498046875,292.4481395374645,1.3211197138383106,0.2743781048890242,18.069093341262647,-1.1499503448645274,156.78904062409998,0
156,7878,1514.0001220703125,292.9999694824219,107.99998214197694,1514.0001220703125,292.9999694824219,0,1514.4308675130208,292.9088134765625,Recorded: BS,1514.5808105468748,292.95882161458337,1514.0001220703125,292.9999694824219,1515.3948308771307,292.5796841708097,0.00013647875839232116,0.247925072188473,4.77411503912981,-2.1696187647515126,138.95866811132476,0
157,7879,1514.362060546875,292.6551208496094,99.6034789005007,1514.362060546875,292.6551208496094,0,1514.1207275390625,292.8850402832031,Recorded: BS,1513.9475911458333,293.0254720052083,1514.362060546875,292.6551208496094,1515.2822820490057,292.6119662198153,0.49992003397446855,0.11708701636096419,16.04047728935753,-2.281217297861829,141.08404483461752,0
158,7880,1514.949951171875,292.1499938964844,122.19997208218592,1514.949951171875,292.1499938964844,0,1514.4373779296875,292.60169474283856,Recorded: BS,1513.8105875651042,292.86126708984375,1514.949951171875,292.1499938964844,1515.141357421875,292.5801447088068,0.7750926562264905,0.14447269324963594,28.728610181880732,-2.71062445376848,110.50482402636563,0
159,7881,1514.75,293.2499694824219,113.39996420866555,1514.75,293.2499694824219,0,1514.6873372395833,292.6850280761719,Recorded: BS,1514.7540283203125,292.318349202474,1514.75,293.2499694824219,1515.1186301491477,292.6483237526634,1.1180012347008979,0.07186731487132116,-84.28863818448879,-2.667305446709228,111.84069070722225,0
160,7882,1515.408935546875,290.7320251464844,170.02208105195677,1515.408935546875,290.7320251464844,0,1515.0362955729167,292.0439961751302,Recorded: BS,1514.937296549479,292.7683614095052,1515.408935546875,290.7320251464844,1515.046708540483,292.52395907315343,2.6027369697714735,0.1436638134762381,131.52303397364886,2.457221195821377,290.01858052037295,0
161,7883,1514.9827880859375,293.2931213378906,121.34482632574691,1514.9827880859375,293.2931213378906,0,1515.0472412109375,292.42503865559894,Recorded: BS,1515.3852539062502,291.4029642740885,1514.9827880859375,293.2931213378906,1514.9314963600852,292.6187910600142,2.596308024888241,0.14922115213320616,-99.41672773319824,2.483930983743795,289.1212520275984,0
162,7884,1515.0517578125,293.37933349609375,118.74142664031751,1515.0517578125,293.37933349609375,0,1515.1478271484375,292.46815999348956,Recorded: BS,1515.0581868489583,292.8060811360677,1515.0517578125,293.37933349609375,1514.840731534091,292.66691173206675,0.11040543195036498,0.10273194593970184,11.526909104006991,2.7493059773589255,275.580277454807,0
163,7885,1515.7501220703125,291.2500915527344,160.99997240425728,1515.7501220703125,291.2500915527344,0,1515.2615559895833,292.64084879557294,Recorded: BS,1515.2484130859375,292.5112813313802,1515.7501220703125,291.2500915527344,1514.9089244495738,292.55328091708094,2.2408444591159853,0.13252258613677748,148.90024132913413,4.944038203147757,295.6179940103114,0
164,7886,1515.1002197265625,293.3000793457031,110.1999879247478,1515.1002197265625,293.3000793457031,0,1515.3006998697917,292.64316813151044,Recorded: BS,1515.375284830729,292.8135375976563,1515.1002197265625,293.3000793457031,1514.8771306818182,292.6123795942827,2.150540166500647,0.06710810170976285,177.31015364609925,3.276038800933082,404.3932024045418,0
165,7887,1515.2001953125,293.1000671386719,106.39999169427756,1515.2001953125,293.1000671386719,0,1515.3501790364583,292.5500793457031,Recorded: BS,1515.3398437500002,292.64548746744794,1515.2001953125,293.1000671386719,1514.868741122159,292.6463456587358,0.22360679941597944,0.03498682960357676,-14.404997901422817,1.3401380807244745,483.22974602953036,0
166,7888,1515.0001220703125,293.0000915527344,93.59999626576791,1515.0001220703125,293.0000915527344,0,1515.1001790364583,293.13341267903644,Recorded: BS,1515.3996582031248,292.4569905598958,1515.0001220703125,293.0000915527344,1514.9596613103693,292.6463512073864,0.22366139591571113,0.09092018837955865,-103.87076404814046,-1.2745503847034587,546.7694870208771,0
167,7889,1515.0882568359375,293.3529357910156,86.0294003283393,1515.0882568359375,293.3529357910156,0,1515.09619140625,293.1510314941406,Recorded: BS,1514.8501790364583,293.71674601236975,1515.0882568359375,293.3529357910156,1515.0585826526988,292.6784390536222,0.3636850194880856,0.10399548953836406,17.968393815589952,-4.687402046135492,455.343020536622,0
168,7890,1515.4913330078125,293.35345458984375,87.48278341543119,1515.4913330078125,293.35345458984375,0,1515.1932373046875,293.23549397786456,Recorded: BS,1515.0922037760417,293.1686503092448,1515.4913330078125,293.35345458984375,1515.1612437855113,292.741923939098,0.40307650574751763,0.12070475912002497,13.760449723163617,-6.350011101951248,399.187905596301,0
169,7891,1515.4913330078125,293.35345458984375,87.48278341543119,1515.4913330078125,293.35345458984375,0,1515.3569742838542,293.35328165690106,Recorded: BS,1515.290283203125,293.3199564615885,1515.4913330078125,293.35345458984375,1515.2104603160512,292.8513294566761,0.0,0.11996597082060456,34.04686231213896,-8.17847294125315,258.21963218856115,0
170,7892,1514.5,293.0,84.0,1514.5,293.0,0,1515.160888671875,293.2356363932292,Recorded: BS,1515.520711263021,293.47106933593756,1514.5,293.0,1515.1877330433238,292.8286049582741,1.0524596331737344,0.03213925564246447,159.21730024854008,-6.107949349501773,208.37498636620793,0
171,7893,1514.5,293.0,84.0,1514.5,293.0,0,1514.8304443359375,293.11781819661456,Recorded: BS,1514.9648030598958,293.1179911295573,1514.5,293.0,1515.1051025390625,293.03478449041194,0.0,0.22212113746115283,-113.15708680332493,-6.239884181292181,203.06452188857617,0
172,7894,1514.5,293.0,84.0,1514.5,293.0,0,1514.5,293.0,Recorded: BS,1514.5,292.99999999999994,1514.5,293.0,1515.0612127130682,293.00813709605825,0.0,0.0513458903092258,99.42431576828801,-6.092714430587003,209.60188824908224,0
173,7895,,,,1514.5,293.0,1,1514.5,293.0,Non,1514.1695556640625,292.88218180338544,,,1515.0110529119318,292.973652232777,,,,,,
174,7896,1515.3499755859375,292.95001220703125,77.99998907471127,1515.3499755859375,292.95001220703125,0,1514.7833251953125,292.98333740234375,Recorded: BS,1514.1695556640625,292.88218180338544,1515.3499755859375,292.95001220703125,1514.9746759588068,293.1281904740767,,0.15876193102459948,-111.26272869080927,-2.499026389127981,16.390883223496708,0
175,7897,1515.699951171875,293.6000061035156,79.99998635554903,1515.699951171875,293.6000061035156,0,1515.1833089192708,293.18333943684894,Recorded: BS,1515.066650390625,292.9666748046875,1515.699951171875,293.6000061035156,1515.0291969992898,293.15545654296875,0.738224204574218,0.0609588579959885,-76.6760784792092,-1.4822770608008848,3.6112632866565875,1
